<core:FragmentDefinition xmlns="sap.m" xmlns:core="sap.ui.core" xmlns:viz="sap.viz.ui5.controls"
xmlns:viz.feeds="sap.viz.ui5.controls.common.feeds" xmlns:viz.data="sap.viz.ui5.data">
	<Dialog resizable="true" draggable="true" contentHeight="500px" contentWidth="1000px">
		<App>
		<pages>
			<Page title="Graph">
				<content>
 <viz:VizFrame id="idVizFrame" uiConfig="{applicationSet:'fiori'}"
                height='100%' width="100%" vizType='waterfall'>
                <viz:dataset>
                    <viz.data:FlattenedDataset data="{bargraph>/}">
                        <viz.data:dimensions>
                            <viz.data:DimensionDefinition name="Name" value="{bargraph>Name}" />
                        </viz.data:dimensions>
                        <viz.data:measures>
                            <viz.data:MeasureDefinition name="Price" value="{bargraph>Price}" />
                        </viz.data:measures>
                    </viz.data:FlattenedDataset>
                </viz:dataset>

                <viz:feeds>
                	 <viz.feeds:FeedItem id='categoryAxisFeed' uid="categoryAxis" type="Dimension"
                        values="Name" />
                    <viz.feeds:FeedItem id='valueAxisFeed' uid="valueAxis" type="Measure"
                        values="Price" />
                  
                </viz:feeds>
            </viz:VizFrame>					
				</content>
			</Page>
		</pages>
		</App>
		<beginButton>
			<Button text="OK" press="_ongraphOk" />
		</beginButton>
	</Dialog>
</core:FragmentDefinition>